{
  "name": "DOIO",
  "vendorId": "0xFEED",
  "productId": "0x6060",
  "lighting": "none",
  "matrix": {
    "rows": 6,
    "cols": 4
  },
  "layouts": {
    "keymap": [
      [
        "0,0",
        "0,1",
        "0,2",
        "0,3"
      ],
      [
        "1,0",
        "1,1",
        "1,2",
        {
          "h": 2
        },
        "1,3"
      ],
      [
        "2,0",
        "2,1",
        "2,2"
      ],
      [
        "3,0",
        "3,1",
        "3,2",
        {
          "h": 2
        },
        "3,3"
      ],
      [
        {
          "w": 2
        },
        "4,0",
        "4,2"
      ]
    ]
  }
}
